"Estimate","Std. Error","z value","Pr(>|z|)"
-36.23,3.396,-10.67,1.426e-26
0.4436,0.02746,16.16,1.027e-58
3.799,0.7541,5.038,4.715e-07
-0.2227,0.04558,-4.885,1.033e-06
5.421,0.2406,22.53,2.112e-112
