"Estimate","Std. Error","z value","Pr(>|z|)"
-12.33,0.4217,-29.24,5.883e-188
0.6537,0.01323,49.39,0
0.2616,0.01632,16.03,7.821e-58
2.59,0.08298,31.21,8.011e-214
